sale_date,sale_id,product_id,product_name,product_category,quantity_sold,unit_price,discount,total_value,unit_cost,total_cost,gross_profit,payment_method,payment_status,payment_date,customer_id,customer_name,sales_channel,sales_region,sales_rep,customer_rating,customer_comments,shipping_cost,delivery_status,delivery_date
2024-03-16,fbb26baa-958c-4015-83ec-0ee2319e5464,PRD13777,Smartphone,Clothing,4,116.54,15.0,396.24,62.78,251.12,145.12,Credit Card,Canceled,,CUS3940,Christopher Pollard,Online Store,New York,Tiffany Vance,5 stars,,10.38,In Transit,
2023-12-21,664235ab-1c11-4b2b-b451-8feb86964ecf,PRD93337,Coffee Maker,Appliances,3,387.26,15.0,987.51,287.46,862.38,125.13,Bank Transfer,Pending,,CUS7532,Christopher Acosta,Online Store,New York,Jason Harrell,2 stars,,26.34,Canceled,
2024-03-25,fe439da2-221d-4c8f-8a11-22030edf350c,PRD87139,Smartphone,Accessories,1,433.86,20.0,347.09,272.81,272.81,74.28,Credit Card,Pending,,CUS6714,Shane Ramos,Physical Store,Illinois,Joseph Simpson,3 stars,Most rest action history.,42.34,Delivered,2024-04-03
2024-02-16,4b473290-6c29-4460-802f-c98205b78aef,PRD55076,Watch,Technology,10,439.49,15.0,3735.66,228.76,2287.6,1448.06,Credit Card,Paid,2024-02-16,CUS7457,Tyler Harris,Marketplace,California,Danny Zhang,4 stars,,28.27,Delivered,2024-02-17
2024-06-07,386d06cb-d5bd-4c18-837c-f3d715091d5e,PRD89987,Coffee Maker,Technology,3,128.66,15.0,328.08,84.9,254.7,73.38,Credit Card,Pending,,CUS9840,Andrew Thompson,Online Store,Florida,Bradley Porter,1 star,,14.89,In Transit,
2024-09-24,bb28a925-8089-4beb-ad89-a4aaa5560685,PRD78859,Sofa,Accessories,3,284.77,15.0,726.16,227.11,681.33,44.83,Pix,Pending,,CUS4606,Barbara Russell,Marketplace,Florida,Joshua Lane,2 stars,,20.44,Delivered,2024-09-26
2024-08-05,b2debe18-f65d-467a-97b2-2600dffefbc2,PRD73787,Smartphone,Clothing,8,249.75,20.0,1598.4,145.74,1165.92,432.48,Invoice,Pending,,CUS9205,Rebecca Archer,Marketplace,Florida,Kimberly West,5 stars,,33.08,Delivered,2024-08-10
2023-11-18,24da5502-1ca0-461d-9b4a-644577edd6b7,PRD79901,Sofa,Furniture,9,345.3,0.0,3107.7,276.1,2484.9,622.8,Bank Transfer,Paid,2023-11-19,CUS3688,John Sanders,Marketplace,Florida,Linda Clark DDS,4 stars,,16.77,Delivered,2023-11-21
2024-03-28,fe25322e-4253-4a96-bd06-126db5f4784b,PRD21165,Jeans,Appliances,5,104.24,0.0,521.2,66.52,332.6,188.6,Invoice,Canceled,,CUS7088,William Calderon,Online Store,California,Don Jackson,4 stars,,8.95,In Transit,
2024-07-25,2741cb7d-2410-4456-be0a-804f8d46ff2d,PRD12674,Coffee Maker,Accessories,10,483.25,15.0,4107.62,245.27,2452.7,1654.92,Invoice,Canceled,,CUS1402,Bianca Phillips,Physical Store,Texas,Kenneth Lee,2 stars,Throughout beautiful pretty center successful mind.,49.75,Canceled,
2024-08-05,1535dcfa-0557-4c2d-b02f-9dbbdbb50178,PRD34803,Sofa,Furniture,3,438.94,20.0,1053.46,308.44,925.32,128.14,Invoice,Canceled,,CUS7101,Dustin Howe,Physical Store,Texas,William Olson,2 stars,Stop should since.,42.5,Delivered,2024-08-12
2023-12-27,1c8c1234-7c0b-46ca-8eb5-9f89efda0651,PRD45392,Watch,Furniture,6,381.89,10.0,2062.21,257.93,1547.58,514.63,Pix,Canceled,,CUS3522,Michael Williams,Marketplace,Florida,Christina Davis DVM,1 star,,36.32,Canceled,
2024-10-13,40248a9f-e838-4362-92dd-5bcbb876da85,PRD63871,Sofa,Technology,10,155.07,10.0,1395.63,94.21,942.1,453.53,Bank Transfer,Paid,2024-10-18,CUS9797,Andrew Bates,Physical Store,Texas,Mrs. Pamela Murphy,4 stars,,17.43,In Transit,
2024-10-01,c0249af4-4866-48a8-b45d-9a9d0de17e71,PRD35116,Smartphone,Furniture,8,414.58,20.0,2653.31,324.92,2599.36,53.95,Invoice,Pending,,CUS2167,Julie Brown,Online Store,California,Hector Thomas Jr.,2 stars,,40.41,In Transit,
2023-10-30,b39ab3ad-2b2e-41c6-820b-7f56cad85f3a,PRD74976,Sofa,Clothing,8,263.59,0.0,2108.72,205.03,1640.24,468.48,Bank Transfer,Canceled,,CUS5968,Ruth Neal DDS,Physical Store,Texas,Elizabeth Chapman,4 stars,,22.11,Delivered,2023-11-03
2023-11-07,5cb7adf3-5a35-42f7-ae7a-1e41b845f8af,PRD81318,Watch,Accessories,7,444.17,20.0,2487.35,328.03,2296.21,191.14,Bank Transfer,Pending,,CUS5485,Rachel Lindsey,Online Store,New York,Joseph Mason,4 stars,Rest pick tell once figure.,11.76,Canceled,
2024-01-13,18e2ce9a-c3b0-4526-af13-151adfb23778,PRD12158,Jeans,Appliances,3,304.78,0.0,914.34,177.32,531.96,382.38,Bank Transfer,Pending,,CUS4064,Eric Garcia,Marketplace,Florida,Lauren Mcconnell,1 star,Return class amount white want environmental food church.,44.13,Delivered,2024-01-19
2024-07-30,263776e0-fcdd-4326-8e5f-fbfb4d82c8ab,PRD54252,Sofa,Accessories,10,480.61,20.0,3844.88,254.44,2544.4,1300.48,Invoice,Pending,,CUS2597,Robert Dickson,Online Store,California,Melissa Briggs,2 stars,,7.07,In Transit,
2024-06-24,1dd75c6e-468d-42d3-99ef-afee7e7320c5,PRD44436,Watch,Clothing,10,461.95,5.0,4388.52,313.26,3132.6,1255.92,Bank Transfer,Pending,,CUS7458,Matthew Mendoza,Physical Store,New York,Vanessa Ali,2 stars,,10.91,Canceled,
2024-01-23,b1880520-ece3-465b-abed-78a39f37ef5b,PRD88024,Smartphone,Accessories,10,370.29,20.0,2962.32,191.85,1918.5,1043.82,Invoice,Paid,2024-01-25,CUS6886,Aaron Little,Marketplace,Florida,Amber Perez,4 stars,Rich ago age yet.,38.75,In Transit,
2023-11-14,fbae4288-424a-4bfe-8e6e-aec6d13c20a1,PRD50169,Coffee Maker,Appliances,7,86.91,10.0,547.53,45.3,317.1,230.43,Invoice,Canceled,,CUS1660,Raven Mack,Physical Store,California,Thomas Lane,3 stars,,9.79,In Transit,
2024-04-08,645c6a5e-7b76-485f-b672-74d9a8f62728,PRD22668,Sofa,Clothing,1,489.06,5.0,464.61,297.62,297.62,166.99,Invoice,Paid,2024-04-10,CUS3360,Clayton Hughes,Physical Store,New York,Mr. Gregory Robinson Jr.,5 stars,,13.75,Canceled,
2024-01-15,62f49266-6ed1-460f-b6c6-078214bfdb3c,PRD87818,Sofa,Accessories,5,267.59,10.0,1204.15,173.5,867.5,336.65,Pix,Paid,2024-01-15,CUS1047,Sandra Rivera,Physical Store,Texas,Alison Jones,4 stars,,19.44,In Transit,
2024-09-07,1446563b-4065-40bb-be44-c8a61ffcc794,PRD56707,Smartphone,Technology,2,240.24,10.0,432.43,167.8,335.6,96.83,Credit Card,Paid,2024-09-08,CUS9137,Theresa Fowler,Marketplace,Illinois,Alexa Garcia,1 star,,14.85,In Transit,
2024-07-13,248a2a85-c89f-439b-a1b7-d4a7c1af81a3,PRD51232,Jeans,Clothing,3,60.06,20.0,144.14,40.88,122.64,21.5,Pix,Canceled,,CUS9881,Peter Sutton,Physical Store,Illinois,Ronald Johnson,3 stars,,33.58,In Transit,
2024-06-01,c8229e10-e229-4946-9c35-bbb8bd6d2107,PRD86305,Coffee Maker,Furniture,7,337.2,15.0,2006.34,226.56,1585.92,420.42,Credit Card,Paid,2024-06-06,CUS4559,Andrew Faulkner,Physical Store,New York,Jennifer Roach,5 stars,,44.47,In Transit,
2024-06-08,5d830983-0e65-46d9-a33c-35c00598bdbd,PRD66504,Jeans,Accessories,7,177.28,10.0,1116.86,134.8,943.6,173.26,Credit Card,Paid,2024-06-08,CUS3064,Ashley King,Online Store,Illinois,Morgan Parks,5 stars,,32.32,In Transit,
2024-06-01,6b56d98b-44b3-4dad-b2cb-b30d38c7b5ca,PRD22221,Jeans,Accessories,9,289.71,10.0,2346.65,205.02,1845.18,501.47,Credit Card,Paid,2024-06-03,CUS6676,Benjamin Howard,Online Store,Illinois,Regina Lewis,2 stars,,40.62,Canceled,
2024-02-08,e0c0fdb2-1312-42c1-b5c5-399897b17974,PRD93840,Coffee Maker,Appliances,7,187.53,20.0,1050.17,100.3,702.1,348.07,Invoice,Pending,,CUS4386,Debra Brown,Marketplace,New York,Aaron Copeland,3 stars,,45.08,Canceled,
2024-03-02,83dd6501-375f-4132-b9b7-70e4f9f30d93,PRD92513,Coffee Maker,Appliances,2,428.77,15.0,728.91,265.69,531.38,197.53,Invoice,Pending,,CUS2276,Charles Hall,Marketplace,California,Micheal Durham,2 stars,Heart half modern service hold question.,33.25,Canceled,
2024-04-06,59fdda28-63db-4c73-b76c-1410b478ae6f,PRD24600,Sofa,Technology,2,261.52,20.0,418.43,192.15,384.3,34.13,Invoice,Pending,,CUS2835,Anthony Pope,Physical Store,Illinois,Lance Olsen,5 stars,,8.15,Canceled,
2023-12-16,12d028b9-2244-4854-b66d-09a1e5fbb517,PRD35682,Watch,Furniture,9,287.33,10.0,2327.37,144.11,1296.99,1030.38,Pix,Pending,,CUS8419,Matthew Anderson,Physical Store,California,Erin Potter,2 stars,,40.09,Canceled,
2024-03-31,472d3a55-8193-4c54-b124-68d430f2cd40,PRD80582,Jeans,Clothing,3,339.79,10.0,917.43,200.9,602.7,314.73,Pix,Pending,,CUS9847,Michelle Miller,Online Store,California,Christina Rogers,4 stars,Art fish floor tree many.,21.69,In Transit,
2024-03-11,e87e58d7-259f-41a4-b497-99ee6080b6dc,PRD13161,Smartphone,Technology,8,66.04,10.0,475.49,34.61,276.88,198.61,Bank Transfer,Canceled,,CUS7685,Gina Parker,Physical Store,Illinois,Debra Phillips,4 stars,,44.41,In Transit,
2024-08-20,4ac62539-8da3-4cf2-8768-29f091747190,PRD60564,Smartphone,Furniture,9,392.37,20.0,2825.06,197.97,1781.73,1043.33,Credit Card,Pending,,CUS8279,Denise Davidson,Marketplace,Florida,Johnny Snyder,5 stars,Doctor former similar trial state.,30.1,Canceled,
2024-07-08,502e7a6e-1f39-4ae6-8db8-19a0484fe897,PRD96334,Smartphone,Technology,4,279.06,10.0,1004.62,142.47,569.88,434.74,Invoice,Pending,,CUS9627,Jamie Williams,Marketplace,New York,Wayne Delgado MD,1 star,Benefit camera project type.,14.29,Canceled,
2024-09-11,d5557d1b-35f8-4f5f-9eda-777630414d71,PRD46467,Sofa,Accessories,8,406.95,0.0,3255.6,294.68,2357.44,898.16,Pix,Paid,2024-09-12,CUS6420,Kaitlyn Terry,Marketplace,Florida,Debra Faulkner,1 star,Cold network company particularly effect entire media.,36.45,Canceled,
2024-02-02,f0871d3d-6666-4c42-af58-ec8870da305a,PRD62259,Sofa,Furniture,7,302.93,0.0,2120.51,178.9,1252.3,868.21,Invoice,Paid,2024-02-07,CUS7305,Michael Patrick,Marketplace,Texas,Jonathan Mendoza,3 stars,More community strong lot source summer group.,26.5,In Transit,
2024-10-01,aff40859-ce9b-4af2-bba4-a18b88b6b852,PRD37620,Watch,Technology,3,104.83,10.0,283.04,75.98,227.94,55.1,Credit Card,Canceled,,CUS3861,Tiffany Green,Marketplace,Florida,Teresa Hubbard,4 stars,,30.31,Canceled,
2024-10-06,5d37a382-d810-4250-a607-7b97ebc94383,PRD78269,Sofa,Appliances,8,148.23,5.0,1126.55,107.55,860.4,266.15,Bank Transfer,Paid,2024-10-06,CUS3726,Ashley Reed,Marketplace,New York,Brian Callahan,4 stars,,45.21,Canceled,
2024-06-02,edd8aa46-cf82-4fcf-b868-a978426bed33,PRD91399,Coffee Maker,Accessories,6,155.95,15.0,795.34,104.57,627.42,167.92,Pix,Canceled,,CUS2899,Stephanie Wilson,Online Store,Florida,John Campbell,5 stars,,45.56,Canceled,
2024-06-02,d822c3ab-85e3-49a5-9a34-9e2b27d444d0,PRD87670,Jeans,Clothing,2,325.64,10.0,586.15,230.19,460.38,125.77,Pix,Pending,,CUS5647,Tiffany Contreras,Marketplace,California,Charles Rios,5 stars,,22.69,Canceled,
2024-02-08,4bb10f30-cb80-4b74-9d6a-8a3f12ed0d32,PRD46265,Jeans,Technology,7,53.58,20.0,300.05,37.61,263.27,36.78,Pix,Paid,2024-02-12,CUS4431,Jeremiah Larson,Physical Store,New York,Amanda Gomez,1 star,,18.37,Canceled,
2024-02-10,d48bed2f-0e2a-479c-bb72-8104b98160b2,PRD35817,Smartphone,Furniture,6,229.56,5.0,1308.49,173.75,1042.5,265.99,Invoice,Paid,2024-02-11,CUS2658,Cheryl Powell,Physical Store,Florida,Linda Robertson,3 stars,,43.51,Delivered,2024-02-14
2024-02-12,0d0ffdb6-1904-41f8-911a-ef8600e907cb,PRD72124,Sofa,Furniture,7,475.82,20.0,2664.59,289.27,2024.89,639.7,Bank Transfer,Paid,2024-02-17,CUS4236,Joshua Mccullough,Online Store,Florida,Jonathan Chambers,1 star,,42.77,In Transit,
2023-11-19,a838afd9-576e-4a24-8bbd-ccec19157618,PRD20704,Coffee Maker,Furniture,6,308.36,20.0,1480.13,154.59,927.54,552.59,Credit Card,Pending,,CUS4830,Angela Gray,Online Store,New York,Stephanie Abbott,1 star,With talk middle tree such something know.,46.14,Delivered,2023-11-28
2024-01-17,d9647de7-a1d9-464b-a0dd-fa341eabc578,PRD76401,Sofa,Furniture,7,384.34,15.0,2286.82,236.56,1655.92,630.9,Credit Card,Canceled,,CUS5300,Ashley Tran,Physical Store,California,Jessica Mills,5 stars,Strategy coach young reduce government.,34.5,Delivered,2024-01-27
2023-12-20,1224e1e2-e9bf-4fff-a899-c123c0494c6a,PRD80684,Coffee Maker,Appliances,7,458.72,20.0,2568.83,320.73,2245.11,323.72,Bank Transfer,Canceled,,CUS1719,Ms. Shelia Mcintyre PhD,Online Store,New York,Susan Dillon,5 stars,,46.15,In Transit,
2024-09-07,55bb26ed-72c8-45ce-a0d6-b4e139965af9,PRD21386,Coffee Maker,Clothing,5,87.17,0.0,435.85,58.41,292.05,143.8,Invoice,Canceled,,CUS1551,Jenny Marsh DVM,Physical Store,Florida,Jill Martin,2 stars,Matter simply into bit decade choice share.,19.12,Canceled,
2024-03-26,afbd13bd-c379-49ca-b81d-c3cabce8fe15,PRD85487,Smartphone,Technology,1,349.56,5.0,332.08,204.4,204.4,127.68,Pix,Pending,,CUS2796,Timothy Saunders,Marketplace,California,Devin Odom,5 stars,,34.76,Delivered,2024-04-05
2024-08-31,77f26e07-2975-4f30-a97d-dd7f46dc2c29,PRD42452,Coffee Maker,Clothing,2,261.39,10.0,470.5,167.93,335.86,134.64,Pix,Canceled,,CUS3231,Cynthia Moore,Online Store,Florida,Dustin May,3 stars,After instead keep power event.,29.38,Canceled,
2024-10-11,28e326fd-f50a-47b1-ab1b-795866fe6d89,PRD41413,Jeans,Furniture,7,59.87,15.0,356.23,47.0,329.0,27.23,Pix,Pending,,CUS8221,Christopher Bennett,Online Store,Texas,Jared Stokes,4 stars,,42.53,In Transit,
2024-03-06,d898d261-d42a-4136-8594-abc7978db345,PRD60719,Smartphone,Appliances,5,447.16,0.0,2235.8,293.8,1469.0,766.8,Invoice,Pending,,CUS1596,Micheal Clark DDS,Physical Store,Illinois,Tommy Taylor,3 stars,,33.39,Canceled,
2024-01-25,1543d272-930c-4811-838f-23e0f3480fc0,PRD20874,Coffee Maker,Furniture,1,119.75,10.0,107.78,63.82,63.82,43.96,Invoice,Canceled,,CUS2123,Jack Smith,Online Store,Illinois,Jared Griffin,3 stars,,15.23,Canceled,
2024-04-24,a33b5446-5d58-4c57-864e-b5607e2348f7,PRD91891,Jeans,Furniture,6,310.36,20.0,1489.73,221.33,1327.98,161.75,Invoice,Pending,,CUS3676,Teresa Mitchell,Marketplace,Florida,April Flores,4 stars,,35.79,In Transit,
2023-12-01,ee479b4b-3170-4909-8951-b7410341ed3d,PRD68692,Smartphone,Clothing,9,287.83,10.0,2331.42,167.39,1506.51,824.91,Invoice,Pending,,CUS2718,Gabrielle Moore,Online Store,Texas,Timothy Mcbride,2 stars,Least seek success both.,14.13,Canceled,
2023-12-05,cc7073a3-0838-4435-b7a8-6138195b2899,PRD21328,Smartphone,Furniture,9,370.29,5.0,3165.98,190.47,1714.23,1451.75,Credit Card,Pending,,CUS9058,David Cardenas,Marketplace,Florida,Donald Nicholson,1 star,,21.42,In Transit,
2024-09-17,17f9f571-2b35-4df0-8098-85bd21d56a39,PRD97841,Sofa,Furniture,4,76.59,5.0,291.04,50.89,203.56,87.48,Bank Transfer,Canceled,,CUS5449,Brandon Morgan,Physical Store,New York,Donna Sanchez,1 star,,9.55,Canceled,
2024-06-04,068d5cc2-9c88-4c41-bc1b-be685c1771b8,PRD52719,Sofa,Furniture,2,264.05,5.0,501.69,155.46,310.92,190.77,Invoice,Canceled,,CUS2925,Amanda Brown,Online Store,Illinois,Brenda Peterson,1 star,,30.55,Delivered,2024-06-10
2024-03-29,30711493-75ca-4460-af62-46f0600885ae,PRD14046,Smartphone,Appliances,7,395.37,0.0,2767.59,297.59,2083.13,684.46,Invoice,Paid,2024-04-01,CUS6775,Tyler Baker,Physical Store,New York,Jon Smith,1 star,,22.62,In Transit,
2024-07-11,1af59ee5-1178-4b79-88d9-076c1a295374,PRD67668,Coffee Maker,Technology,6,230.28,15.0,1174.43,146.15,876.9,297.53,Pix,Paid,2024-07-14,CUS7406,Michael Perez,Physical Store,Florida,Leah Jones MD,3 stars,Big remain inside development glass spend buy.,16.84,Canceled,
2024-08-10,0457b8c2-4165-4393-83d4-0756357c0dcf,PRD91984,Smartphone,Technology,3,159.47,5.0,454.49,107.34,322.02,132.47,Credit Card,Paid,2024-08-15,CUS4840,Julie Wells,Marketplace,Texas,Mr. Vincent Gillespie,4 stars,Next ok energy debate standard though arm ago.,28.05,Delivered,2024-08-18
2023-11-29,ba92b32a-6929-4c17-9b83-66c2d43e0722,PRD76543,Smartphone,Technology,9,475.14,20.0,3421.01,282.09,2538.81,882.2,Pix,Canceled,,CUS5462,Kelly Wilson,Physical Store,Illinois,Joshua Ward,3 stars,,39.59,Delivered,2023-12-08
2024-05-22,d6a4090a-5da8-4aab-9454-f06b92ac0d25,PRD21875,Coffee Maker,Accessories,9,379.63,20.0,2733.34,272.4,2451.6,281.74,Pix,Canceled,,CUS7711,Jesse Olsen,Marketplace,Texas,Jesse Ramos,5 stars,,9.73,Delivered,2024-05-29
2024-06-24,92a9471f-f20a-46bd-a22f-f8459a47e300,PRD22193,Coffee Maker,Technology,7,496.39,15.0,2953.52,349.4,2445.8,507.72,Pix,Canceled,,CUS7610,Brittany Parker,Physical Store,Texas,Marcus Lucas,1 star,,20.8,In Transit,
2024-05-26,3c87ad5a-0825-4d63-a49d-36a4017bcf24,PRD50283,Sofa,Accessories,5,172.48,15.0,733.04,88.19,440.95,292.09,Bank Transfer,Paid,2024-05-31,CUS9339,Adam Montoya,Online Store,California,Jamie Robinson MD,4 stars,,14.87,In Transit,
2024-05-03,eb95e412-0548-48fd-80bd-948b1833983d,PRD22295,Smartphone,Clothing,7,251.89,15.0,1498.75,188.44,1319.08,179.67,Bank Transfer,Canceled,,CUS2433,Brandon Price,Physical Store,Florida,Joseph Green,4 stars,,33.81,Delivered,2024-05-13
2023-12-03,4b34071b-d056-4351-ba84-71c3c5d6b166,PRD95460,Jeans,Technology,9,324.24,15.0,2480.44,170.52,1534.68,945.76,Pix,Canceled,,CUS6376,Nancy Thomas,Physical Store,New York,Frank Burgess,4 stars,Statement keep establish pay them value.,45.89,Canceled,
2024-04-28,f2f5026f-18c7-46fc-817c-c0270cbc6116,PRD46045,Jeans,Technology,3,138.29,10.0,373.38,92.75,278.25,95.13,Bank Transfer,Pending,,CUS2033,Jennifer Maynard,Online Store,Illinois,Tim Taylor,1 star,,9.71,Delivered,2024-05-02
2024-02-10,aa65f51f-7b0d-49f3-90c0-c0628805711a,PRD58370,Sofa,Appliances,6,356.41,20.0,1710.77,261.06,1566.36,144.41,Pix,Canceled,,CUS4868,Daniel Baker,Marketplace,New York,Miranda Schaefer,1 star,Side national air decide artist middle entire cell.,47.46,In Transit,
2024-08-14,98f79fcb-720c-45c8-ba97-21030d090c3e,PRD15011,Watch,Furniture,7,129.5,0.0,906.5,96.53,675.71,230.79,Invoice,Paid,2024-08-17,CUS9936,Christopher Singleton,Online Store,Florida,Malik Farley,2 stars,,30.36,Delivered,2024-08-17
2023-11-10,2d38ef30-4c9a-4817-b2fc-d9c2c7f98129,PRD86627,Jeans,Appliances,1,164.29,20.0,131.43,111.82,111.82,19.61,Invoice,Pending,,CUS1115,David Keller,Online Store,Illinois,Nathan Young,3 stars,,8.41,Delivered,2023-11-19
2024-02-23,fbbbb403-c348-44b6-bfd6-8b5d71ae184b,PRD74631,Jeans,Furniture,5,452.57,10.0,2036.57,327.35,1636.75,399.82,Credit Card,Canceled,,CUS8282,Nicole Hudson,Marketplace,Texas,Grace Wilson,4 stars,,47.34,Delivered,2024-02-26
2024-06-07,28a658d6-7fd4-42d1-9998-b1c35076969b,PRD80558,Jeans,Appliances,1,253.26,0.0,253.26,164.23,164.23,89.03,Credit Card,Canceled,,CUS6455,Stephen Oliver,Physical Store,Illinois,Anthony Moss III,4 stars,,34.37,Canceled,
2023-10-27,6bb8f897-d324-453e-991b-bed64b471808,PRD36672,Watch,Furniture,6,458.58,5.0,2613.91,254.26,1525.56,1088.35,Credit Card,Paid,2023-10-27,CUS1972,Andrea Jones,Marketplace,Florida,Sandra Banks,5 stars,Make especially center total positive gun kid.,37.98,Delivered,2023-11-04
2024-03-21,4cdee533-9d59-43be-a73f-3d758fd95bd0,PRD68642,Jeans,Furniture,1,396.02,0.0,396.02,217.62,217.62,178.4,Bank Transfer,Pending,,CUS8904,Gabriela Bradford,Online Store,Florida,Shaun Jones,2 stars,,22.22,Delivered,2024-03-24
2024-10-06,54a21173-906b-4e72-8fdd-0cef94c9cf2e,PRD92528,Coffee Maker,Technology,1,122.71,5.0,116.57,91.25,91.25,25.32,Invoice,Paid,2024-10-07,CUS6145,Derek Morgan,Physical Store,California,Charles White,5 stars,,45.91,Canceled,
2024-02-08,edd7ce47-00bd-489f-8ff1-5f0d5109306a,PRD78377,Coffee Maker,Accessories,2,387.26,5.0,735.79,248.47,496.94,238.85,Pix,Paid,2024-02-13,CUS8773,Mary Brown,Marketplace,Texas,Michael Miller,5 stars,Almost because explain professional.,29.07,Canceled,
2024-03-07,3e9be045-3c5d-40ba-a94d-62e09c71ba26,PRD17653,Watch,Appliances,2,321.85,5.0,611.51,218.2,436.4,175.11,Pix,Canceled,,CUS9674,Leslie Gray,Online Store,Texas,Bridget Osborne,4 stars,,30.76,In Transit,
2023-12-20,ca8f0486-8883-4dd2-aa2a-a6000ef0b09f,PRD64794,Jeans,Clothing,8,375.22,5.0,2851.67,189.65,1517.2,1334.47,Invoice,Paid,2023-12-23,CUS6660,Stephen Swanson,Physical Store,Illinois,Gary Schmitt,1 star,,22.61,Delivered,2023-12-24
2024-09-22,a03f35d9-fa62-4df4-816b-a346df349bd8,PRD13746,Coffee Maker,Clothing,10,225.59,10.0,2030.31,170.9,1709.0,321.31,Pix,Pending,,CUS5094,Susan Garcia,Marketplace,Texas,Jennifer Thomas,1 star,,16.92,Delivered,2024-09-24
2024-01-27,027af1c8-3fc9-4422-9e0f-3764e35b4d4a,PRD12818,Smartphone,Technology,7,305.45,5.0,2031.24,182.78,1279.46,751.78,Invoice,Canceled,,CUS5061,Laurie Long,Marketplace,Texas,Andrew Patterson,3 stars,Imagine rock particularly personal camera tax court.,27.76,Canceled,
2024-08-12,787d80b1-ff96-4168-a2ed-d7ee1807b2f7,PRD77678,Smartphone,Furniture,9,407.6,15.0,3118.14,235.18,2116.62,1001.52,Invoice,Paid,2024-08-16,CUS8740,Marie Marshall,Physical Store,Illinois,Jason Cordova,1 star,Able place foot almost available consumer soon.,15.41,Canceled,
2024-01-30,9a65951b-a64c-4e85-9cdf-3541dc71343e,PRD60655,Sofa,Clothing,1,317.02,5.0,301.17,187.6,187.6,113.57,Pix,Paid,2024-01-31,CUS7206,Karen Webster,Physical Store,California,Paul Dalton,4 stars,,18.27,In Transit,
2024-01-14,1710cb08-aee1-42a3-838a-6b13a6548a0f,PRD63442,Smartphone,Furniture,7,457.34,15.0,2721.17,262.16,1835.12,886.05,Bank Transfer,Paid,2024-01-15,CUS4828,Michael Sharp,Physical Store,Illinois,Antonio Moore,3 stars,,24.44,Delivered,2024-01-19
2024-07-05,3b9818aa-36ee-46d8-8416-fa199a747c31,PRD15511,Smartphone,Furniture,10,205.59,0.0,2055.9,153.13,1531.3,524.6,Credit Card,Canceled,,CUS5840,Michael Holland,Physical Store,New York,Joshua Mercer,3 stars,,19.56,Delivered,2024-07-13
2024-09-16,d17b9250-30bb-40bd-8dd8-3d624f053bb5,PRD12021,Jeans,Furniture,8,283.58,20.0,1814.91,205.54,1644.32,170.59,Credit Card,Paid,2024-09-20,CUS3868,Christopher Fischer,Online Store,Illinois,Ralph Hanson,4 stars,Order tax analysis score affect.,16.98,Canceled,
2024-02-22,c23264ad-b08f-4de8-98ba-08de7e6cfa11,PRD73155,Coffee Maker,Furniture,3,231.47,10.0,624.97,176.97,530.91,94.06,Bank Transfer,Paid,2024-02-22,CUS3893,Nathan Figueroa,Online Store,New York,Stephanie Miller,3 stars,Skill can spend occur floor.,16.05,Canceled,
2024-03-20,53825b2c-57e3-4f12-9689-7f243779b78b,PRD52176,Sofa,Technology,2,442.19,5.0,840.16,254.21,508.42,331.74,Credit Card,Canceled,,CUS5406,Leslie Chambers,Online Store,New York,Erik Morris,5 stars,Goal degree especially.,11.96,In Transit,
2023-12-14,0bd6cf16-8e62-49f8-9027-27f0ad19f585,PRD80060,Jeans,Furniture,6,194.29,0.0,1165.74,134.77,808.62,357.12,Bank Transfer,Pending,,CUS5271,Amanda Lopez,Physical Store,California,Jo Shelton,3 stars,,39.65,Delivered,2023-12-20
2024-05-07,b5e089bd-03fc-4cad-b6bc-6c2cb53fcb5a,PRD40127,Jeans,Appliances,7,164.61,10.0,1037.04,91.95,643.65,393.39,Credit Card,Canceled,,CUS1072,Amy King,Marketplace,New York,Antonio Smith,1 star,Foreign test else animal energy.,10.52,In Transit,
2024-02-12,febd06c7-3fb1-4f70-92bc-d1b93611c779,PRD27345,Coffee Maker,Technology,2,180.86,5.0,343.63,143.22,286.44,57.19,Credit Card,Paid,2024-02-16,CUS6213,Justin Reyes,Marketplace,New York,Ryan Alexander,5 stars,Season hundred second next forget doctor.,39.59,In Transit,
2024-05-08,d8e2dbb7-1a42-48c9-a695-0248b51f16df,PRD80672,Sofa,Clothing,8,484.97,0.0,3879.76,365.53,2924.24,955.52,Pix,Pending,,CUS3464,Michael Peterson,Marketplace,New York,Michael Ibarra PhD,2 stars,,43.64,Canceled,
2024-09-07,3a865a79-fb72-47e5-992b-31e57cff05fd,PRD77289,Sofa,Appliances,6,432.48,15.0,2205.65,245.41,1472.46,733.19,Pix,Paid,2024-09-11,CUS4997,Christian Johnson,Physical Store,Illinois,Valerie Rogers,3 stars,,46.11,Canceled,
2024-07-15,f8968f62-1612-4cba-9436-5101e25a757c,PRD56507,Coffee Maker,Furniture,5,174.95,0.0,874.75,113.45,567.25,307.5,Bank Transfer,Pending,,CUS7716,Rose Everett,Physical Store,California,Charles Cooper,3 stars,,8.33,In Transit,
2024-01-05,d941a305-59e0-4a16-95f3-49f493996d82,PRD74341,Smartphone,Clothing,9,131.29,15.0,1004.37,98.7,888.3,116.07,Pix,Canceled,,CUS1954,Rhonda Chaney,Online Store,Illinois,Scott Williams,4 stars,,45.45,Canceled,
2024-10-03,b3622e0a-5c31-49c4-bbce-a5578c11215d,PRD95012,Jeans,Appliances,8,289.89,10.0,2087.21,176.11,1408.88,678.33,Credit Card,Paid,2024-10-06,CUS9437,Peter Kline,Physical Store,Florida,James Allen,3 stars,,22.2,In Transit,
2024-05-18,6ef7cdff-245a-4593-9d58-3f1ef52d2436,PRD95380,Jeans,Clothing,4,134.95,20.0,431.84,101.68,406.72,25.12,Invoice,Paid,2024-05-19,CUS4256,Brent Mason,Marketplace,Illinois,Michelle Ball,1 star,,10.33,Canceled,
2024-04-01,b843cb8d-3565-41f8-92f3-a86f09449d83,PRD99154,Sofa,Technology,1,122.59,15.0,104.2,88.38,88.38,15.82,Credit Card,Paid,2024-04-01,CUS7953,Ross Cross,Online Store,California,Nicholas Mcgee,1 star,Since make cold during on instead.,41.73,Delivered,2024-04-04
2024-08-14,1f7da6bd-3876-4793-91c7-8981db4e0ade,PRD15072,Jeans,Clothing,2,140.46,5.0,266.87,97.44,194.88,71.99,Invoice,Canceled,,CUS6615,Richard Gray,Online Store,Texas,Yvette Stanley,4 stars,,16.31,Delivered,2024-08-17
2024-06-05,bd299b70-91c6-4837-a6ea-e6a19dd524af,PRD81755,Jeans,Technology,3,229.82,20.0,551.57,147.71,443.13,108.44,Pix,Canceled,,CUS7411,Mr. Jason Nelson,Marketplace,California,Anthony Mcneil,4 stars,,49.58,Delivered,2024-06-15
2024-07-25,1ef0305f-91d9-4388-8024-61fe6d7d73a3,PRD11126,Smartphone,Appliances,2,294.25,20.0,470.8,195.07,390.14,80.66,Pix,Pending,,CUS4267,Matthew White,Marketplace,Florida,Tyler Moreno,5 stars,,43.46,In Transit,
2024-09-17,abc8bdb1-2e35-4ac2-9de6-00d696149235,PRD28710,Watch,Technology,6,225.83,0.0,1354.98,138.79,832.74,522.24,Pix,Pending,,CUS6508,Taylor Knight,Online Store,Texas,Yvette Dillon,4 stars,,21.04,Canceled,
2024-10-03,1fa93504-0040-4469-b10f-ba2a9c14f850,PRD70113,Coffee Maker,Clothing,7,488.23,5.0,3246.73,271.04,1897.28,1349.45,Pix,Paid,2024-10-07,CUS4821,Lauren Martinez,Marketplace,Florida,Joseph Kirk,2 stars,Pay remain better.,42.27,Canceled,
2024-03-06,ec0aa063-b165-47cd-bfef-beae28d6553c,PRD21328,Smartphone,Accessories,7,166.37,20.0,931.67,97.94,685.58,246.09,Bank Transfer,Pending,,CUS4528,Charles Collier,Marketplace,Texas,Kathy Huerta,3 stars,,10.61,Canceled,
2024-06-18,e3ddd76b-af82-4936-9b99-0d8d95072e46,PRD34033,Jeans,Appliances,5,77.31,10.0,347.9,53.13,265.65,82.25,Invoice,Pending,,CUS9831,Jonathan Mayer,Physical Store,Illinois,Barbara Ramirez,3 stars,,31.81,Delivered,2024-06-27
2024-04-16,039cb43c-6464-46be-ae68-413b3f2dd226,PRD84016,Jeans,Accessories,1,160.76,5.0,152.72,89.93,89.93,62.79,Bank Transfer,Pending,,CUS4942,Jessica Bowers,Physical Store,Texas,Gina Simon,1 star,,34.48,Delivered,2024-04-22
2024-02-15,c1c629b7-cb5a-4f7b-a1bc-acad3c7ea2a9,PRD26440,Coffee Maker,Accessories,10,156.74,5.0,1489.03,87.97,879.7,609.33,Bank Transfer,Canceled,,CUS3473,David Beck,Marketplace,New York,Helen Ochoa,4 stars,,26.03,In Transit,
2024-04-11,a46f25ce-9260-4f04-8032-9e9448316af0,PRD15603,Watch,Clothing,6,314.82,10.0,1700.03,229.98,1379.88,320.15,Pix,Pending,,CUS7297,Kristi Contreras,Physical Store,California,Laurie Mckay,2 stars,,26.51,Delivered,2024-04-12
2024-09-29,df5a4a02-d85f-4f51-8025-be84afdd92a9,PRD75884,Coffee Maker,Clothing,8,58.88,10.0,423.94,30.67,245.36,178.58,Invoice,Canceled,,CUS1313,Erin Green,Online Store,Illinois,Greg Holt,2 stars,,41.2,Canceled,
2024-04-01,d0c0cbdb-e266-4cd1-b015-970b2af77853,PRD21433,Smartphone,Accessories,1,169.22,5.0,160.76,128.1,128.1,32.66,Credit Card,Canceled,,CUS3368,Mr. Donald Sanchez DDS,Online Store,Texas,Amanda Roberts,3 stars,,22.7,Canceled,
2024-04-24,2fed1266-6e37-4bd4-b6b6-ffc9d82ffe7f,PRD33975,Sofa,Technology,1,218.37,20.0,174.7,144.98,144.98,29.72,Pix,Paid,2024-04-24,CUS3308,Jeffrey Fuller,Marketplace,New York,Joshua Boyd,2 stars,,5.66,Canceled,
2024-07-10,f1d98489-dac7-494e-92c0-795994b06a2c,PRD75758,Sofa,Accessories,7,307.75,5.0,2046.54,221.58,1551.06,495.48,Bank Transfer,Paid,2024-07-10,CUS4322,Tanner Smith,Marketplace,California,Jane Bell,5 stars,,11.96,Delivered,2024-07-12
2024-10-13,5bbdab00-e388-4bb0-8204-3ac5a35d0d1b,PRD35295,Jeans,Furniture,7,137.2,0.0,960.4,93.66,655.62,304.78,Credit Card,Canceled,,CUS6755,Michael Dodson,Physical Store,Texas,Thomas Walters,1 star,He wrong treat garden simple.,46.4,Delivered,2024-10-20
2024-06-09,0da22d6a-66d9-4bbb-9edb-69eb34f3a6d4,PRD11511,Watch,Furniture,3,89.8,20.0,215.52,47.59,142.77,72.75,Bank Transfer,Canceled,,CUS7757,Theresa Garcia,Physical Store,Illinois,Tyler Williams,1 star,Herself friend strong.,38.48,In Transit,
2024-07-02,ac6e9c08-a3d9-46c4-b891-2a4e28d61e26,PRD87400,Smartphone,Clothing,8,257.71,20.0,1649.34,180.45,1443.6,205.74,Credit Card,Paid,2024-07-02,CUS8862,Ruth Peterson,Marketplace,New York,Christopher Conway,1 star,Be head action drive structure cell inside.,23.33,Canceled,
2024-07-22,1c81b638-40f3-4f2c-83b5-e9b96464108c,PRD33048,Jeans,Clothing,1,231.54,5.0,219.96,125.4,125.4,94.56,Pix,Canceled,,CUS3792,Emily Taylor,Physical Store,Texas,Jennifer Martinez,5 stars,,39.03,Delivered,2024-07-28
2024-08-06,8e5c5f4d-5ea5-402b-87c8-64a083c9e191,PRD41478,Watch,Furniture,3,258.61,10.0,698.25,181.56,544.68,153.57,Invoice,Canceled,,CUS8671,Rachel Gibson,Physical Store,New York,Michael Aguirre,1 star,,23.42,Delivered,2024-08-16
2024-09-27,ff724777-8358-4aa2-be52-d3788e366a0c,PRD43794,Smartphone,Accessories,9,153.99,0.0,1385.91,110.91,998.19,387.72,Credit Card,Pending,,CUS5207,Shirley Ware,Online Store,Texas,Kimberly Robinson,4 stars,Foreign represent conference current you big.,25.84,In Transit,
2024-08-12,42f3dbba-657e-4f1e-925f-e95997dd881e,PRD61835,Watch,Technology,5,266.78,20.0,1067.12,161.73,808.65,258.47,Credit Card,Canceled,,CUS4959,Shannon Thomas,Physical Store,New York,Maria Long,1 star,,32.74,In Transit,
2024-07-25,3ff52153-c096-4acd-ac2a-3f9871ce7d4c,PRD59155,Sofa,Furniture,7,52.58,5.0,349.66,35.36,247.52,102.14,Bank Transfer,Pending,,CUS3515,Lawrence Hunt DDS,Online Store,Texas,Cameron Gomez,4 stars,,43.5,In Transit,
2024-09-02,4a1ffd49-aff7-418f-bbcb-9de5287eb8e0,PRD31577,Watch,Clothing,3,313.53,10.0,846.53,234.58,703.74,142.79,Invoice,Canceled,,CUS6365,Dennis Miller,Marketplace,New York,Billy Collins,5 stars,,12.11,Delivered,2024-09-11
2024-02-24,6f67dcd8-48ab-4ebe-b74b-5c2ad7b04be7,PRD84467,Jeans,Technology,3,458.61,5.0,1307.04,244.1,732.3,574.74,Credit Card,Canceled,,CUS3540,Jermaine Lopez,Physical Store,New York,Matthew Davis,4 stars,Myself star play month health result play chance.,9.03,Canceled,
2024-10-04,d7494ba1-fee6-4fa3-95f8-e6c7550811be,PRD94358,Smartphone,Technology,1,73.57,10.0,66.21,50.56,50.56,15.65,Credit Card,Canceled,,CUS2264,Katrina Castro,Online Store,Florida,Joseph Carlson,3 stars,,34.16,In Transit,
2024-06-02,52c90247-9574-42d3-811b-71246232cdcc,PRD25698,Coffee Maker,Furniture,7,335.37,0.0,2347.59,210.43,1473.01,874.58,Invoice,Pending,,CUS7253,Rita Nolan,Physical Store,Illinois,Elizabeth Burgess,4 stars,Big quality very course and minute.,27.05,Canceled,
2024-03-11,4f979aa1-4237-4908-a6f4-89df1d8a3db9,PRD64324,Watch,Appliances,4,398.07,10.0,1433.05,273.44,1093.76,339.29,Pix,Canceled,,CUS2317,Pamela Weaver,Online Store,Illinois,Carrie Smith,1 star,President lot operation economy heart.,27.99,Delivered,2024-03-12
2024-06-27,cd98c162-30c7-4eda-a9dd-4bf6321ba39a,PRD22975,Coffee Maker,Accessories,1,335.46,10.0,301.91,260.7,260.7,41.21,Credit Card,Pending,,CUS8808,Alexandra Friedman,Physical Store,Illinois,Steven Hernandez,4 stars,Some energy within war.,22.5,Canceled,
2024-03-12,8848de78-7ab3-413f-9a48-6e265dfd701e,PRD91876,Jeans,Clothing,3,416.89,5.0,1188.14,325.19,975.57,212.57,Invoice,Paid,2024-03-17,CUS6833,Richard Nguyen,Physical Store,Illinois,Robert Lucas,2 stars,Stage least likely tough executive.,36.59,Canceled,
2024-08-30,87bbb4cf-162d-425e-a3e3-9d20e4f614d5,PRD75492,Sofa,Technology,7,155.11,20.0,868.62,120.35,842.45,26.17,Pix,Pending,,CUS2352,Manuel Garrett,Marketplace,New York,Betty Harper,5 stars,,7.43,In Transit,
2024-05-27,07c03cd0-063e-486c-b5fb-cf8e449a7a55,PRD84743,Jeans,Appliances,6,161.29,5.0,919.35,89.58,537.48,381.87,Bank Transfer,Paid,2024-05-31,CUS4630,Tammy Brown,Online Store,Texas,Kelly Paul,1 star,,30.89,Delivered,2024-05-28
2024-09-09,ec28e125-31d6-4dd2-861b-012cc1729f96,PRD63981,Sofa,Accessories,5,336.86,0.0,1684.3,244.64,1223.2,461.1,Credit Card,Paid,2024-09-10,CUS6554,Jonathan Bryant,Physical Store,Illinois,Krystal Dennis,3 stars,,6.64,Canceled,
2024-01-20,16a9c01b-c4b4-407c-b559-1eada75b666c,PRD63863,Smartphone,Technology,2,367.93,5.0,699.07,193.66,387.32,311.75,Invoice,Canceled,,CUS2763,Sarah Gordon,Physical Store,Florida,Elizabeth Kim,4 stars,Western east data.,19.53,Delivered,2024-01-26
2024-03-19,bc96d513-528f-439e-a1e1-7453dc71a36b,PRD47426,Sofa,Accessories,10,324.87,15.0,2761.39,189.46,1894.6,866.79,Invoice,Canceled,,CUS6050,Dr. Charles Ryan,Marketplace,New York,Miss Nicole Wilson,3 stars,Describe not show prove since center free.,19.61,In Transit,
2024-07-26,995fd5d7-ff24-4c04-96fa-d8236645bf15,PRD39873,Sofa,Appliances,9,280.77,20.0,2021.54,174.91,1574.19,447.35,Invoice,Paid,2024-07-29,CUS6391,Robin Gonzalez,Physical Store,Florida,Jordan Peters,5 stars,Nothing pressure resource cause talk.,22.26,Delivered,2024-08-02
2024-10-18,e587f830-75f0-49f6-a632-06cacdab501b,PRD44710,Coffee Maker,Appliances,7,344.29,15.0,2048.53,256.7,1796.9,251.63,Bank Transfer,Pending,,CUS7339,Tammy Drake,Physical Store,Illinois,Sarah Moore,1 star,International want perform by.,19.54,Delivered,2024-10-25
2024-10-09,1def7cd0-c5ce-431f-b190-4cb7ca64a6ad,PRD72189,Smartphone,Clothing,3,212.61,10.0,574.05,146.89,440.67,133.38,Invoice,Paid,2024-10-10,CUS6178,Alyssa King,Physical Store,Texas,Holly Whitehead,1 star,,15.05,Canceled,
2024-08-19,5e0d0638-90a3-4d55-b1de-22ea858c0440,PRD49404,Jeans,Appliances,5,439.12,10.0,1976.04,338.46,1692.3,283.74,Invoice,Pending,,CUS1352,Ryan Waters,Marketplace,California,Cassandra Raymond,2 stars,,27.64,Delivered,2024-08-29
2024-08-04,1216bbbe-ff11-4f40-b514-6851a7be94cb,PRD37107,Sofa,Furniture,10,171.03,10.0,1539.27,121.07,1210.7,328.57,Credit Card,Canceled,,CUS4588,Kelly Smith,Online Store,Illinois,Michael Reed,4 stars,Capital sort into determine the.,8.38,In Transit,
2024-05-09,1cc5da10-5bfb-49eb-9961-8a74cc732358,PRD61795,Jeans,Technology,1,88.88,10.0,79.99,63.9,63.9,16.09,Bank Transfer,Paid,2024-05-13,CUS6844,Shannon Huff,Marketplace,Texas,Carlos Johnson,2 stars,,45.65,In Transit,
2024-08-02,d6a313bf-77e4-4ee8-a70e-0e5c4c5772ea,PRD97751,Smartphone,Accessories,8,81.89,20.0,524.1,64.21,513.68,10.42,Credit Card,Pending,,CUS7068,Tara Atkins,Physical Store,New York,Jonathan Snyder,5 stars,,13.95,In Transit,
2024-05-15,84918dcd-2c75-46ad-9ee5-acfc33166ebd,PRD20919,Sofa,Furniture,5,250.5,0.0,1252.5,141.54,707.7,544.8,Invoice,Pending,,CUS7976,Anthony Ford,Online Store,Illinois,Laura Atkinson,4 stars,,21.3,In Transit,
2024-06-11,05bc69b2-3d30-4c73-923a-ac5e7e0fb4bd,PRD47921,Smartphone,Technology,5,267.91,5.0,1272.57,152.93,764.65,507.92,Pix,Pending,,CUS4184,Stephanie Ryan,Physical Store,Florida,Lisa Paul,2 stars,Two certain both charge mean.,13.44,In Transit,
2024-06-24,bd1be47f-443d-4284-ba18-fff00a3a5cd4,PRD77860,Sofa,Clothing,9,490.39,5.0,4192.83,267.53,2407.77,1785.06,Pix,Canceled,,CUS5129,Robert Sims,Online Store,New York,Ryan Best,4 stars,,9.09,In Transit,
2023-11-15,b74f6f3c-7e49-4ff9-b1db-0e8af5038baa,PRD59024,Sofa,Clothing,4,372.23,5.0,1414.47,285.24,1140.96,273.51,Pix,Canceled,,CUS7958,Melissa Gibson,Physical Store,Illinois,Christine Paul,2 stars,,25.55,In Transit,
2024-05-04,a6a7c2fd-b2d0-46d5-83eb-79a7dc01f4ed,PRD13457,Jeans,Technology,2,196.15,5.0,372.69,142.38,284.76,87.93,Bank Transfer,Paid,2024-05-06,CUS9094,Alfred Downs,Online Store,California,James Brown,4 stars,,36.18,In Transit,
2024-05-16,4f6f6b8a-54a0-4b96-93a5-d509e96a9d57,PRD66743,Jeans,Appliances,7,115.95,10.0,730.49,72.62,508.34,222.15,Pix,Paid,2024-05-18,CUS8040,Nicole Riley,Physical Store,Illinois,Emily Colon,5 stars,,7.69,In Transit,
2024-08-14,3a901435-c45b-4c32-903f-caff9b377f79,PRD71291,Watch,Appliances,9,417.44,15.0,3193.42,209.84,1888.56,1304.86,Invoice,Paid,2024-08-17,CUS3910,Cameron Gonzalez,Physical Store,New York,Amanda Roberts,1 star,,33.4,Delivered,2024-08-15
2024-04-27,d3ecfcba-0467-432c-930c-c2d6b9bead7c,PRD92370,Smartphone,Furniture,5,286.52,0.0,1432.6,205.95,1029.75,402.85,Bank Transfer,Pending,,CUS4286,Lori Espinoza,Marketplace,Illinois,George Lindsey,4 stars,,11.72,Delivered,2024-05-02
2024-01-25,ed084e5d-cceb-409d-8ea4-7faf76d6b1f0,PRD23410,Jeans,Accessories,3,189.94,15.0,484.35,130.7,392.1,92.25,Credit Card,Pending,,CUS8335,Laura Holt,Physical Store,New York,Stephanie Smith,1 star,Talk say lawyer partner.,47.75,Canceled,
2024-06-24,6406c7d1-672f-4f0a-8f06-4a39162bf04f,PRD59799,Sofa,Technology,10,238.46,20.0,1907.68,133.32,1333.2,574.48,Invoice,Canceled,,CUS3849,Candace West,Physical Store,Texas,Christopher Mitchell,5 stars,,38.8,Canceled,
2024-02-28,42bc563c-359d-4662-a8d6-d0d87d4ccbb3,PRD19830,Coffee Maker,Clothing,2,156.07,0.0,312.14,118.33,236.66,75.48,Bank Transfer,Paid,2024-03-03,CUS5486,Samuel Day,Online Store,Florida,Elizabeth Burke,2 stars,,32.08,In Transit,
2024-04-04,ccf90608-4340-4e07-bd09-35883d5f2e7f,PRD69155,Sofa,Accessories,6,343.45,15.0,1751.59,191.67,1150.02,601.57,Invoice,Pending,,CUS1194,Lindsay Young,Physical Store,Illinois,Mark Mcneil,1 star,,31.38,In Transit,
2024-04-08,e95d4c75-e257-4bca-9339-9440ac335c77,PRD67976,Watch,Clothing,3,283.31,15.0,722.44,150.58,451.74,270.7,Bank Transfer,Canceled,,CUS3469,Mr. James Sandoval,Physical Store,Illinois,Mia Vaughn,3 stars,Material and sport same the run.,41.06,Canceled,
2024-10-21,01f4b49c-c226-4f09-aff5-cf896bbe579d,PRD95539,Jeans,Appliances,6,234.01,5.0,1333.86,181.01,1086.06,247.8,Pix,Pending,,CUS9034,Gloria Carroll,Marketplace,New York,Robert Schultz,2 stars,,15.66,In Transit,
2024-08-08,5a9098ac-83b9-48b8-af51-a2cb222ee293,PRD29220,Coffee Maker,Accessories,9,261.12,0.0,2350.08,201.94,1817.46,532.62,Bank Transfer,Paid,2024-08-13,CUS9842,David Burns,Online Store,Florida,Anita Nguyen,4 stars,Indicate choose push environmental sound Republican.,49.59,In Transit,
2024-03-08,ca2655c1-67f8-40aa-9fb9-d0755bc7831a,PRD76244,Smartphone,Furniture,9,454.21,5.0,3883.5,299.45,2695.05,1188.45,Pix,Paid,2024-03-09,CUS3770,Cameron Spears,Marketplace,New York,Catherine Martin,1 star,Close us process.,14.53,In Transit,
2024-03-17,ff42193f-2676-4357-96d1-4e41f540670d,PRD92936,Jeans,Accessories,4,363.92,5.0,1382.9,208.69,834.76,548.14,Bank Transfer,Canceled,,CUS5943,Lindsey Hale,Marketplace,Florida,Felicia Hopkins,5 stars,,43.28,Canceled,
2023-12-11,5847972b-34e7-4fb6-88f2-72d375ffc1ba,PRD92818,Jeans,Clothing,5,471.03,10.0,2119.63,242.48,1212.4,907.23,Bank Transfer,Pending,,CUS7088,Joshua Turner,Marketplace,New York,Penny Smith,1 star,,33.37,In Transit,
2024-02-07,21eace0e-08e6-4911-a273-59164126b28a,PRD25405,Jeans,Accessories,8,159.34,10.0,1147.25,92.53,740.24,407.01,Bank Transfer,Canceled,,CUS8982,Samuel Lopez,Physical Store,New York,Sheila Myers,5 stars,,16.4,In Transit,
2024-02-09,451b0d93-19a8-45b3-8b33-3ffcfcb1738b,PRD24812,Sofa,Technology,10,54.34,20.0,434.72,34.9,349.0,85.72,Bank Transfer,Pending,,CUS1244,John Lee,Physical Store,Florida,Dr. William Chung,1 star,,21.66,Delivered,2024-02-14
2024-05-31,d0d253d8-5d5a-4893-bd76-a25198c8149d,PRD82726,Smartphone,Accessories,6,210.35,20.0,1009.68,112.97,677.82,331.86,Credit Card,Pending,,CUS1468,Patricia Smith,Marketplace,Florida,Dr. Stacey Zuniga,2 stars,,28.08,In Transit,
2023-11-28,32b9d8ed-3788-4811-84d9-da5b5b218feb,PRD46769,Smartphone,Technology,4,134.36,5.0,510.57,76.88,307.52,203.05,Bank Transfer,Canceled,,CUS3803,Brianna Green,Physical Store,California,Melissa Smith,3 stars,,22.46,Delivered,2023-12-06
2024-05-08,c8133039-abac-4cd7-8705-76e903ae079e,PRD20552,Coffee Maker,Clothing,2,326.0,15.0,554.2,198.55,397.1,157.1,Bank Transfer,Pending,,CUS9596,Meagan Simon,Marketplace,New York,Brittany Harrison,5 stars,,20.01,Canceled,
2024-03-06,f3e094de-dfd2-4114-90d9-8786c73a1909,PRD51979,Coffee Maker,Technology,10,361.9,10.0,3257.1,281.33,2813.3,443.8,Bank Transfer,Paid,2024-03-09,CUS4309,Michelle Morales,Physical Store,Texas,Tammy Walker,5 stars,Ball at line on group fight tree.,43.05,In Transit,
2024-10-14,3ab9c9cb-1bd4-4ba8-bfff-021fed225b31,PRD83911,Coffee Maker,Technology,9,440.93,0.0,3968.37,264.16,2377.44,1590.93,Credit Card,Canceled,,CUS1185,Nicholas House,Marketplace,California,Amy Gibson,4 stars,,36.82,In Transit,
2024-06-10,742ffbe5-0a68-4a64-8ab3-52e937835938,PRD13517,Jeans,Furniture,6,225.63,5.0,1286.09,155.35,932.1,353.99,Invoice,Paid,2024-06-14,CUS3863,Nicole Costa,Online Store,Texas,Wyatt Williams,5 stars,,7.92,Canceled,
2024-04-13,4441db77-7355-417a-92d9-c56114fc5086,PRD20197,Watch,Furniture,1,62.39,15.0,53.03,46.5,46.5,6.53,Invoice,Canceled,,CUS1408,Anna Ramirez,Marketplace,Texas,Angela Herring,3 stars,,29.94,Delivered,2024-04-23
2024-07-01,a14fca9a-60c1-4597-bffb-47f0e4c483d3,PRD46278,Coffee Maker,Appliances,6,404.81,0.0,2428.86,245.57,1473.42,955.44,Bank Transfer,Pending,,CUS8859,Anthony Gonzalez,Marketplace,Florida,Danielle Joyce,3 stars,,27.8,Canceled,
2024-07-11,c2113450-f7ff-497d-b85a-66770bf73e8a,PRD89402,Jeans,Furniture,6,367.46,5.0,2094.52,257.69,1546.14,548.38,Bank Transfer,Pending,,CUS6502,Rachel Johnston,Physical Store,New York,Eric Lloyd,2 stars,,20.88,In Transit,
2024-08-04,eb29e7e2-470b-45a2-a0f0-09fe5c3bc481,PRD57756,Jeans,Clothing,8,495.3,15.0,3368.04,253.62,2028.96,1339.08,Invoice,Paid,2024-08-04,CUS9531,Bradley Bright,Marketplace,Illinois,Ronald Harris,3 stars,Democrat small conference quality.,17.92,Delivered,2024-08-09
2024-07-03,419d6d85-3e11-481e-9b24-7a5009ed3730,PRD70077,Sofa,Furniture,9,51.59,15.0,394.66,26.37,237.33,157.33,Invoice,Paid,2024-07-05,CUS5272,Jamie Townsend,Online Store,California,Paige Miller,4 stars,,18.51,Delivered,2024-07-08
2023-11-29,12e9c2ce-f3a9-411b-bd39-dee71508dc7d,PRD18339,Jeans,Accessories,2,161.98,10.0,291.56,115.86,231.72,59.84,Bank Transfer,Pending,,CUS5486,Melanie Burnett,Online Store,Illinois,Leslie Johnson DVM,1 star,,35.31,In Transit,
2024-09-21,01b0a5d8-272c-4cce-bdc1-a829ae00f239,PRD99934,Smartphone,Accessories,7,408.88,20.0,2289.73,294.82,2063.74,225.99,Invoice,Canceled,,CUS8859,Amy Richards,Online Store,Florida,Rachel Perez,2 stars,Several national weight share.,19.16,Delivered,2024-09-26
2023-11-28,0cd7297b-a5b3-42e9-ad4b-7580ab0a3a7b,PRD85152,Watch,Technology,8,356.15,0.0,2849.2,205.96,1647.68,1201.52,Credit Card,Canceled,,CUS5527,Jonathan Robinson,Marketplace,Illinois,Andrew Cook,4 stars,,38.09,In Transit,
2024-10-12,52fc0ac4-0c71-47be-a1ca-d8311adf3892,PRD54364,Jeans,Technology,4,51.3,5.0,194.94,31.09,124.36,70.58,Pix,Paid,2024-10-16,CUS3405,Kristi Payne,Physical Store,New York,Robert Thomas,5 stars,Difference child and center kind.,49.74,In Transit,
2024-04-29,600c152e-154e-4e06-a782-f9e829fd04d9,PRD30592,Watch,Appliances,4,277.87,20.0,889.18,178.83,715.32,173.86,Bank Transfer,Pending,,CUS2423,Victoria Roberts,Marketplace,Illinois,Susan Curry,4 stars,Suggest mission husband picture bad certainly argue.,48.89,In Transit,
2024-01-28,e5430430-2927-4df4-a94f-1b5c10df000c,PRD59086,Smartphone,Accessories,2,201.58,15.0,342.69,122.98,245.96,96.73,Bank Transfer,Pending,,CUS1491,Veronica Lee,Online Store,California,Jeanette Brown,1 star,,47.76,In Transit,
2024-02-08,8288daf1-ddd0-41cd-afe9-19999569758d,PRD49370,Smartphone,Appliances,7,174.5,15.0,1038.27,125.04,875.28,162.99,Bank Transfer,Paid,2024-02-11,CUS9289,Zoe Fletcher,Online Store,Texas,Dawn Williams,1 star,,28.94,Canceled,
2024-09-28,837b085a-3b70-4fef-b2a7-8462d253d579,PRD67097,Smartphone,Technology,2,309.67,5.0,588.37,182.22,364.44,223.93,Invoice,Canceled,,CUS1301,Sherry Bell,Online Store,New York,Bryan Ramirez,4 stars,,7.35,Delivered,2024-10-08
2024-01-27,c94ee7cd-1e2f-48f8-a959-7c3a9ccaec13,PRD80301,Smartphone,Clothing,3,278.14,5.0,792.7,203.34,610.02,182.68,Pix,Paid,2024-01-31,CUS9486,Brian Henry,Marketplace,California,Henry Williamson,2 stars,,30.24,Canceled,
2024-06-21,4aaa666f-6641-4ec4-8b46-b276a10f1c4b,PRD33675,Sofa,Furniture,3,176.92,10.0,477.68,105.51,316.53,161.15,Credit Card,Canceled,,CUS6704,Kathleen Noble,Marketplace,Florida,Charles Rodriguez,1 star,,22.37,Delivered,2024-06-26
2024-01-16,e15cc855-45d1-41b8-86c1-594a4ba8488d,PRD85246,Smartphone,Technology,6,237.59,10.0,1282.99,154.02,924.12,358.87,Bank Transfer,Pending,,CUS7803,Rebecca Hall,Physical Store,New York,Kenneth Moreno,3 stars,,27.95,Delivered,2024-01-17
2024-03-26,1deb4041-4924-42ea-b259-210fcf1007e7,PRD10380,Coffee Maker,Furniture,5,161.13,5.0,765.37,108.48,542.4,222.97,Pix,Pending,,CUS7699,Brenda Whitaker,Marketplace,Texas,Erik Smith,4 stars,,7.03,Canceled,
2024-04-15,f0b9e004-d840-447e-9941-e45cd6b9b2c8,PRD43720,Sofa,Technology,4,227.08,20.0,726.66,135.83,543.32,183.34,Bank Transfer,Pending,,CUS4331,Kenneth Morgan,Online Store,Florida,Andrea Pittman,3 stars,,23.67,In Transit,
2024-08-02,218cf662-ba76-473d-ad1a-60279bd99f5c,PRD15169,Smartphone,Clothing,4,94.88,10.0,341.57,57.78,231.12,110.45,Credit Card,Canceled,,CUS6246,Jimmy Berger,Physical Store,Texas,Sharon Herman,4 stars,,32.18,Delivered,2024-08-09
2024-03-19,514c27e9-eeb9-48cc-a0bc-4b70793da6b1,PRD24504,Sofa,Clothing,4,349.26,0.0,1397.04,183.51,734.04,663.0,Invoice,Paid,2024-03-19,CUS5356,Miss Pamela Terry,Marketplace,Texas,Joseph Arellano,3 stars,,13.4,Canceled,
2024-06-12,b7dbbac6-0040-4604-9ff9-93ebe748f91c,PRD57052,Watch,Accessories,8,488.15,15.0,3319.42,250.48,2003.84,1315.58,Pix,Canceled,,CUS6655,Sarah Smith,Marketplace,New York,Vincent Lewis,5 stars,,36.08,In Transit,
2023-11-28,f4c3c95f-77fb-4073-9466-9f44e0a72db8,PRD40585,Watch,Technology,7,363.08,20.0,2033.25,197.69,1383.83,649.42,Pix,Canceled,,CUS1106,Jean Moore,Marketplace,Texas,Lindsey Thompson,1 star,Later suggest military everything player over.,39.38,In Transit,
2024-01-06,1f0e0e11-28f9-40ec-b24e-b4411a885528,PRD96098,Jeans,Furniture,4,52.39,0.0,209.56,41.38,165.52,44.04,Bank Transfer,Pending,,CUS7652,Jeffrey Vance,Marketplace,Illinois,Kimberly Gray,1 star,,30.72,Delivered,2024-01-14
2024-10-21,52852ce0-464e-4ab3-8c90-9e431224d386,PRD40149,Sofa,Furniture,6,415.45,5.0,2368.06,227.3,1363.8,1004.26,Credit Card,Canceled,,CUS9843,Lisa Abbott,Marketplace,New York,Christina Black,5 stars,,24.65,Canceled,
2024-02-12,c904e8d3-ca94-4c8b-a59f-23f6d8624dd7,PRD11131,Smartphone,Furniture,2,381.44,0.0,762.88,264.45,528.9,233.98,Bank Transfer,Pending,,CUS7972,Benjamin Scott,Online Store,Texas,Sophia Reeves,4 stars,,40.77,Delivered,2024-02-14
2023-12-01,5c8b8a9f-49ec-49f2-952e-dce6d5430fed,PRD67105,Sofa,Appliances,10,417.58,20.0,3340.64,294.74,2947.4,393.24,Pix,Canceled,,CUS4106,Jessica Phillips,Physical Store,Texas,Kayla Perez,2 stars,Single manage around instead suggest.,16.8,In Transit,
2024-07-24,12412e1a-0378-4a13-87d2-261b4a26706c,PRD25919,Jeans,Furniture,9,258.05,10.0,2090.21,195.26,1757.34,332.87,Credit Card,Pending,,CUS7597,William Benson,Physical Store,Illinois,Elizabeth Reyes,2 stars,,30.32,Canceled,
2024-08-04,e445d638-51ad-4eaf-9f6f-632aee4894fe,PRD34950,Watch,Technology,9,467.66,20.0,3367.15,346.38,3117.42,249.73,Credit Card,Pending,,CUS3376,Mathew Wright,Physical Store,Texas,Austin Schultz,3 stars,Effort whose his.,31.35,In Transit,
2024-02-23,c3e100e0-1e7a-4cc7-9a81-6f53702748ee,PRD95212,Jeans,Accessories,6,324.51,5.0,1849.71,175.18,1051.08,798.63,Credit Card,Paid,2024-02-26,CUS5574,Nicole Baker,Online Store,New York,Debra Williams,1 star,,10.53,Canceled,
2024-07-20,00940acd-5eed-4b9c-bb0f-467d493fa0fd,PRD92631,Jeans,Technology,2,261.52,10.0,470.74,200.06,400.12,70.62,Credit Card,Pending,,CUS5512,Russell Spears,Online Store,California,Jessica Brown,4 stars,Name place with rather strong doctor later.,41.27,Delivered,2024-07-21
2024-07-15,8925f58b-4c4a-4eff-b9bf-0dfadbdbcfc9,PRD20571,Sofa,Appliances,5,176.42,0.0,882.1,100.99,504.95,377.15,Credit Card,Canceled,,CUS4965,Melanie Case,Marketplace,Texas,Tim Hodge,5 stars,,36.06,Canceled,
2024-04-02,2efe0e80-ab05-42d3-a114-e5ba365afa89,PRD80354,Watch,Clothing,2,299.74,0.0,599.48,152.48,304.96,294.52,Bank Transfer,Canceled,,CUS7336,Robert Abbott,Marketplace,Florida,Juan Pierce,2 stars,,29.25,Delivered,2024-04-05
2024-03-21,274014be-2d23-44a9-b622-24c55d9a0959,PRD44574,Sofa,Clothing,10,233.02,15.0,1980.67,117.4,1174.0,806.67,Bank Transfer,Canceled,,CUS3836,Susan Bishop,Physical Store,Illinois,Kelly Figueroa,5 stars,,7.09,Canceled,
2024-09-12,6d8dc866-b7be-4ea3-91e9-22bf186492c0,PRD11146,Smartphone,Appliances,2,302.14,0.0,604.28,159.22,318.44,285.84,Invoice,Paid,2024-09-13,CUS9163,Veronica Williams,Physical Store,Texas,Brent Jackson,4 stars,,26.36,Delivered,2024-09-15
2024-08-11,736ff6e2-c658-47b0-ac3c-885573a4ffba,PRD75564,Jeans,Accessories,2,467.17,15.0,794.19,250.13,500.26,293.93,Pix,Canceled,,CUS3491,Ruben Mccarthy,Online Store,California,Stephanie Smith,4 stars,,6.78,Delivered,2024-08-19
2024-10-02,9cdf2566-94a5-4fed-b0e5-920e1d0dbaf0,PRD73396,Smartphone,Technology,10,70.29,5.0,667.76,50.12,501.2,166.56,Credit Card,Canceled,,CUS9216,William Beltran,Online Store,Florida,Reginald Aguilar,2 stars,Nor shoulder purpose yard executive.,36.67,Delivered,2024-10-05
2024-02-05,1fcfd104-1f47-458e-93e9-0f904549161c,PRD13681,Smartphone,Clothing,5,311.57,15.0,1324.17,188.21,941.05,383.12,Credit Card,Paid,2024-02-10,CUS1041,Ashley Thomas,Online Store,Illinois,Nicholas Hughes,5 stars,,6.11,In Transit,
2024-08-29,c112a7f4-c19e-4d0a-a74e-f67396c70540,PRD21337,Sofa,Accessories,3,323.48,5.0,921.92,226.22,678.66,243.26,Bank Transfer,Pending,,CUS8650,Shannon Melton,Online Store,Texas,Lori Dixon,1 star,,33.79,Canceled,
2023-11-15,6b0fd389-35e6-4c19-8fcd-1947484f9e8f,PRD20040,Coffee Maker,Furniture,9,235.57,20.0,1696.1,140.4,1263.6,432.5,Invoice,Canceled,,CUS7219,Jason Rice,Physical Store,Texas,Jon Garcia,5 stars,,47.36,In Transit,
2024-07-19,766785b8-b083-46e3-9a9d-e983c45ba392,PRD54803,Jeans,Appliances,10,134.5,5.0,1277.75,91.87,918.7,359.05,Credit Card,Pending,,CUS7829,Kenneth Powell,Physical Store,Illinois,Robert Miles,3 stars,South hotel middle relate.,11.28,Canceled,
2023-11-21,6fac4ec8-2d8a-4309-964b-02a6dc9a0bc4,PRD71557,Coffee Maker,Furniture,6,283.54,20.0,1360.99,212.06,1272.36,88.63,Bank Transfer,Canceled,,CUS1902,Andrea Wheeler,Online Store,Florida,Heidi Morrow,4 stars,,39.82,In Transit,
2024-03-07,3fe020dd-dd5c-4af3-9f1e-0fbe3a71ebb5,PRD39237,Jeans,Technology,7,347.68,5.0,2312.07,188.34,1318.38,993.69,Invoice,Pending,,CUS4770,Michael Stewart,Marketplace,Florida,Devin Huynh,2 stars,Head Congress question success issue.,21.69,Canceled,
2024-02-26,5ea7d657-d26a-41a5-bd66-6d396f7646f1,PRD23643,Smartphone,Accessories,8,143.14,15.0,973.35,91.67,733.36,239.99,Invoice,Pending,,CUS7074,Felicia Cohen,Marketplace,Texas,Debra Baker,2 stars,,9.7,In Transit,
2024-10-20,692a14f1-e0d8-4cd6-a3d9-e0717e737fad,PRD64782,Jeans,Accessories,5,420.94,15.0,1788.99,274.76,1373.8,415.19,Invoice,Canceled,,CUS6200,Jessica Pearson,Online Store,Florida,Dennis Curtis,2 stars,,29.0,Canceled,
2024-04-01,b7aa8a61-8c5a-4443-95f7-964402637ca9,PRD25563,Sofa,Technology,3,164.38,0.0,493.14,88.5,265.5,227.64,Invoice,Paid,2024-04-01,CUS3309,Jonathan Wise,Marketplace,Illinois,David Summers,2 stars,,33.89,In Transit,
2023-12-06,11eceaab-8eec-485b-af17-9530bd0c1440,PRD96494,Sofa,Technology,8,159.38,5.0,1211.29,85.43,683.44,527.85,Bank Transfer,Paid,2023-12-06,CUS9952,James Collier,Online Store,California,Jessica Rodriguez,1 star,,29.88,In Transit,
2024-04-01,750b3d04-2d19-4e81-ac16-588660a076af,PRD66075,Watch,Appliances,5,266.23,10.0,1198.04,174.83,874.15,323.89,Invoice,Pending,,CUS1615,Meredith Rose,Marketplace,New York,Stephanie Travis,5 stars,Whose account also.,29.64,Delivered,2024-04-10
2024-06-01,ace63283-7a2b-4beb-a4d6-0170f4b28688,PRD52725,Watch,Clothing,7,324.91,5.0,2160.65,195.64,1369.48,791.17,Invoice,Paid,2024-06-05,CUS6542,Paul Roth,Online Store,New York,Charles Nguyen,5 stars,,9.37,Delivered,2024-06-08
2024-02-14,0f87c54c-f0c1-4d5b-91d3-8df0edc96930,PRD81575,Jeans,Technology,10,241.98,15.0,2056.83,172.32,1723.2,333.63,Invoice,Paid,2024-02-19,CUS5616,Morgan Mendez,Marketplace,Illinois,Veronica Marshall,5 stars,,33.4,Canceled,
2024-05-08,a068ce47-0941-480f-a70f-e1a248b63bc7,PRD28200,Watch,Accessories,9,312.19,5.0,2669.22,231.42,2082.78,586.44,Bank Transfer,Paid,2024-05-11,CUS9482,Christina Mcgee,Marketplace,Texas,Jeremy Tucker,5 stars,,30.32,Canceled,
2024-03-26,fd61cdb0-d603-490c-800e-c67b3064b785,PRD88266,Smartphone,Clothing,2,199.47,5.0,378.99,140.43,280.86,98.13,Pix,Canceled,,CUS8532,Molly Mcmahon,Physical Store,Illinois,Renee Harvey,1 star,,9.29,In Transit,
2023-11-21,79eff5fb-c956-4341-bece-0128cc486041,PRD19340,Watch,Furniture,6,499.66,20.0,2398.37,255.06,1530.36,868.01,Invoice,Pending,,CUS4747,Molly Johnson,Marketplace,Texas,Destiny Wilson,2 stars,,25.61,In Transit,
2023-11-30,395a0ff3-2ede-4293-9128-ec30404af96d,PRD74468,Watch,Accessories,1,91.12,0.0,91.12,62.72,62.72,28.4,Invoice,Canceled,,CUS6721,Jeffrey Wise,Marketplace,Texas,Brenda Herrera,1 star,,47.59,Delivered,2023-12-01
2024-04-24,ebccc5f4-4489-4c81-8e06-85b399deebcf,PRD73762,Watch,Accessories,8,115.62,20.0,739.97,91.92,735.36,4.61,Credit Card,Paid,2024-04-25,CUS2637,Terri Bentley,Online Store,Florida,Nicole Simmons,3 stars,Hot listen offer as thousand interesting.,42.89,In Transit,
2024-03-03,b7db28e9-92c6-4416-98ca-63305a471fa2,PRD75507,Sofa,Furniture,5,221.74,5.0,1053.27,123.03,615.15,438.12,Credit Card,Canceled,,CUS7960,Latoya Jordan,Online Store,Texas,David Delgado,5 stars,,26.73,In Transit,
2024-03-07,1b35b3d3-d14c-4908-a00c-5dde244f751b,PRD83498,Coffee Maker,Furniture,8,384.1,5.0,2919.16,270.52,2164.16,755.0,Invoice,Pending,,CUS1483,George Henderson PhD,Online Store,New York,Joseph Rivera,4 stars,,43.38,Delivered,2024-03-17
2023-11-22,e414f395-6dac-43a7-9a05-6c85601c22f6,PRD94236,Sofa,Appliances,1,225.26,20.0,180.21,124.84,124.84,55.37,Credit Card,Canceled,,CUS4345,Tracey Graham,Physical Store,New York,Mike Kelley,5 stars,,23.97,Delivered,2023-11-26
2023-12-22,b313997a-9b15-48e4-8159-45ff4d7b545b,PRD79509,Sofa,Furniture,9,179.68,5.0,1536.26,128.93,1160.37,375.89,Credit Card,Pending,,CUS6460,Tammy Wheeler,Online Store,New York,Patrick Romero,2 stars,,30.71,Canceled,
2023-12-26,74ed6a8c-6dd4-410e-8747-a8a90ece4379,PRD78780,Smartphone,Technology,9,343.62,10.0,2783.32,258.21,2323.89,459.43,Credit Card,Pending,,CUS7168,Annette Howell,Online Store,Florida,Amber Thomas MD,4 stars,,46.52,In Transit,
2024-01-17,ecff3b99-4e3d-4a12-9392-df0f245054c6,PRD31382,Coffee Maker,Accessories,3,149.45,10.0,403.51,79.32,237.96,165.55,Pix,Canceled,,CUS4740,William Young,Marketplace,Texas,Douglas Hardin,2 stars,,22.83,Canceled,
2023-12-10,55e73f07-4e96-45df-8fc0-8ab765720db6,PRD95926,Sofa,Furniture,10,401.65,0.0,4016.5,217.43,2174.3,1842.2,Credit Card,Paid,2023-12-15,CUS7483,Jonathan Brown,Physical Store,California,Kelsey Evans,3 stars,,12.5,In Transit,
2023-12-28,bcd08281-e949-41ca-a04d-d0872045d2b1,PRD35167,Coffee Maker,Accessories,6,226.68,5.0,1292.08,171.05,1026.3,265.78,Invoice,Canceled,,CUS6670,Virginia Newton,Online Store,Illinois,Patrick Hall,4 stars,,6.72,Canceled,
2024-09-28,fd92036a-8b7f-4ab7-8c3e-4ac8b9b7eb4c,PRD67906,Sofa,Appliances,8,464.66,10.0,3345.55,279.2,2233.6,1111.95,Pix,Canceled,,CUS8791,Tiffany Jordan,Marketplace,New York,Travis Young,3 stars,Maybe off unit such size picture program.,19.18,Delivered,2024-10-06
2024-03-07,3fac99ac-636f-4502-baab-4d59b831f721,PRD30473,Smartphone,Furniture,3,102.12,10.0,275.72,64.17,192.51,83.21,Credit Card,Pending,,CUS9695,Pamela Phillips,Online Store,Florida,Alyssa Mays,4 stars,Rock end floor public official hundred game.,20.94,Canceled,
2023-12-11,7baf1dad-d30e-4fab-b5cf-0ebaa29770d2,PRD37026,Sofa,Clothing,4,485.59,0.0,1942.36,252.15,1008.6,933.76,Bank Transfer,Paid,2023-12-11,CUS6361,Anna Bowman,Online Store,Florida,Jamie Marsh,3 stars,,15.6,In Transit,
2024-02-20,cfe8c3c9-4c5b-43e5-b5f3-b390c5d46fdc,PRD13023,Watch,Accessories,8,439.62,10.0,3165.26,252.54,2020.32,1144.94,Credit Card,Canceled,,CUS4977,Susan Bautista,Marketplace,Texas,Cory Sims,3 stars,,33.49,Canceled,
2024-05-30,69c4050e-2062-4956-9022-0390b5ba135e,PRD59566,Sofa,Furniture,4,224.44,10.0,807.98,147.03,588.12,219.86,Bank Transfer,Pending,,CUS2261,Brooke Arnold,Marketplace,Texas,Erin Fitzgerald,3 stars,Material that paper difference.,35.61,Delivered,2024-06-07
2023-11-26,faa5e657-f1c2-4550-b6b8-cb100f94fb57,PRD46996,Smartphone,Clothing,5,417.58,15.0,1774.71,324.11,1620.55,154.16,Invoice,Canceled,,CUS7159,Angie Hutchinson,Online Store,Illinois,Brian Francis,4 stars,,19.49,Canceled,
2024-09-09,ae0c3386-3e14-47af-a91e-6d6bc74bc6f3,PRD58751,Coffee Maker,Furniture,4,106.36,0.0,425.44,79.7,318.8,106.64,Credit Card,Paid,2024-09-12,CUS9535,Heather Lawrence,Online Store,Florida,Joseph Cochran,4 stars,Close south nearly over think general century nature.,12.59,In Transit,
2024-03-15,ed2d0413-910d-4923-9598-c044e2b958ab,PRD18147,Smartphone,Appliances,3,117.99,10.0,318.57,77.64,232.92,85.65,Credit Card,Paid,2024-03-18,CUS6952,Alicia Wilson,Physical Store,Florida,Patrick Ruiz,1 star,,10.18,In Transit,
2023-11-13,22de7dad-225e-4ddf-a9ca-71c5b4d3b7b2,PRD57274,Jeans,Clothing,10,104.51,20.0,836.08,71.18,711.8,124.28,Invoice,Pending,,CUS5585,Arthur Brown,Online Store,Florida,Rachel Burns,3 stars,,39.09,Canceled,
2023-12-04,46d92b1b-3f5e-48ba-8d7a-f81919f2fa2d,PRD16276,Smartphone,Furniture,6,183.35,15.0,935.08,111.08,666.48,268.6,Bank Transfer,Canceled,,CUS6872,Gary Mueller,Marketplace,Florida,Dylan Green,3 stars,Specific listen these relate four through late street.,43.94,In Transit,
2024-05-09,7e5c51dd-d685-4a0b-b440-3020d827b027,PRD93453,Coffee Maker,Accessories,2,172.43,0.0,344.86,123.36,246.72,98.14,Bank Transfer,Pending,,CUS1049,Anthony Nelson,Online Store,Texas,Jonathon Thomas,4 stars,Actually easy indicate operation involve ask anything.,42.08,Canceled,
2024-07-22,db05250a-8e75-41a3-bee9-82b684421d99,PRD34701,Coffee Maker,Furniture,5,478.91,5.0,2274.82,371.75,1858.75,416.07,Bank Transfer,Pending,,CUS5977,Angela Griffin,Marketplace,Texas,Michael Evans,1 star,,14.77,In Transit,
2024-04-29,92b09b9d-9777-4c5d-84f1-8800662b0beb,PRD72853,Watch,Accessories,1,326.22,20.0,260.98,171.32,171.32,89.66,Pix,Paid,2024-05-03,CUS7001,Brent Thomas,Marketplace,New York,Jackie Payne,5 stars,,40.09,In Transit,
2023-12-14,80a92baf-6257-40f0-b1f2-30a02e6fa370,PRD35273,Sofa,Clothing,7,183.93,20.0,1030.01,93.53,654.71,375.3,Invoice,Paid,2023-12-18,CUS3024,Donna Moss,Online Store,Texas,Nathaniel Choi,1 star,,45.73,In Transit,
2023-11-07,766d6d33-8c54-494a-94f0-09f593abd250,PRD64534,Watch,Accessories,6,215.8,15.0,1100.58,134.0,804.0,296.58,Credit Card,Paid,2023-11-12,CUS4625,Jason Jimenez,Marketplace,Texas,James Bullock,1 star,,14.95,Canceled,
2024-04-01,c36d8214-7ab3-42c1-a2e7-dbe83fe091ef,PRD63792,Sofa,Appliances,1,441.94,10.0,397.75,274.15,274.15,123.6,Bank Transfer,Paid,2024-04-03,CUS7902,Troy Ortega,Marketplace,California,Catherine Moran,2 stars,Despite successful meet.,17.95,Canceled,
2024-03-31,26757cfc-cbe8-44ec-89bb-32c55dd91c81,PRD70663,Sofa,Appliances,10,72.48,5.0,688.56,55.71,557.1,131.46,Bank Transfer,Pending,,CUS1992,Michael Mejia,Marketplace,California,Robert Wright,2 stars,,27.09,Delivered,2024-04-06
2024-01-21,715b5e41-f451-4513-b124-d46548c9e649,PRD72030,Jeans,Clothing,7,330.44,20.0,1850.46,170.32,1192.24,658.22,Pix,Paid,2024-01-22,CUS7013,Christopher Hudson,Physical Store,Illinois,Debra Nichols,3 stars,,17.53,In Transit,
2024-03-25,9deac074-beb4-49da-8cfb-637c255f3129,PRD51347,Coffee Maker,Furniture,6,442.24,20.0,2122.75,258.05,1548.3,574.45,Pix,Paid,2024-03-25,CUS7362,Ryan Snyder,Physical Store,Texas,Cody Kelley,2 stars,Relationship fly mind Mrs miss senior.,16.61,In Transit,
2024-10-08,133ebb77-3653-4514-ae6a-0aeadb615652,PRD42602,Sofa,Appliances,9,348.46,5.0,2979.33,203.06,1827.54,1151.79,Bank Transfer,Pending,,CUS9665,Tim Thomas,Online Store,Illinois,Sarah Butler,3 stars,,8.21,Delivered,2024-10-15
2024-03-21,e8c3f292-5e4f-466a-b5a6-178a0940123c,PRD93474,Coffee Maker,Accessories,9,410.15,15.0,3137.65,284.18,2557.62,580.03,Pix,Paid,2024-03-21,CUS5292,David Matthews,Physical Store,New York,Kayla Bridges,4 stars,Crime eight eye deep company.,15.92,In Transit,
2023-12-31,4303a9bf-2603-48d7-a6aa-a80c7aae4361,PRD97870,Coffee Maker,Technology,3,325.9,15.0,831.04,254.68,764.04,67.0,Pix,Paid,2023-12-31,CUS5856,Adam Petersen,Online Store,New York,Jackson Perez,5 stars,Hotel anyone understand like every.,18.6,In Transit,
2023-12-03,d9bbd0bd-ced9-42b2-b0f8-0e239efc9221,PRD43232,Watch,Technology,2,463.85,10.0,834.93,362.67,725.34,109.59,Credit Card,Paid,2023-12-05,CUS8140,Ricky Tate,Physical Store,Illinois,Elizabeth Kane,1 star,,38.34,Delivered,2023-12-04
2024-05-18,f18962ae-dbc3-4022-b1e4-bbb5acb4cf60,PRD45024,Sofa,Clothing,4,453.36,0.0,1813.44,266.79,1067.16,746.28,Bank Transfer,Pending,,CUS3747,Dr. Holly Mueller PhD,Marketplace,Texas,Keith Allen,5 stars,,42.68,Canceled,
2024-02-25,f323ec6f-c5d4-4b28-a069-32cb2d3a505d,PRD80559,Sofa,Accessories,1,320.77,5.0,304.73,165.42,165.42,139.31,Pix,Pending,,CUS5705,Alexis Pearson,Marketplace,California,Elizabeth Garcia,1 star,,49.86,In Transit,
2024-07-27,9502a613-3b8a-4bcf-af11-2e07a0796730,PRD33984,Coffee Maker,Technology,7,485.98,20.0,2721.49,287.01,2009.07,712.42,Bank Transfer,Pending,,CUS1089,Wayne Bauer,Physical Store,Texas,Lauren Farrell,1 star,,16.63,Delivered,2024-07-28
2024-07-03,cc6ae62f-d4ab-4d78-bc2d-532eff9ab08b,PRD86644,Smartphone,Accessories,2,161.38,10.0,290.48,109.63,219.26,71.22,Bank Transfer,Pending,,CUS6486,Cameron Manning,Online Store,Illinois,Stephanie Hall,4 stars,Effort fill image write today.,23.11,In Transit,
